URL,Type
https://docs.google.com/document/d/141cUdQHNm9PhYX_7lQX4OZ4FSY2eQwRzlfBnUKzmKbs/edit?usp=sharing&fbclid=IwZXh0bgNhZW0CMTAAYnJpZBExTld5aXExT1BHTzNyYjBwSXNydGMGYXBwX2lkEDIyMjAzOTE3ODgyMDA4OTIAAR7iS2pgZWf_RqDDwvun0OFs7Ce4FkaUe-HNO6jkud-ovs0jBC3gOG0ATT0Azw_aem_5i1wHobgC8nXBkkPgua1mQ,docs
https://docs.google.com/document/d/1Fc_qKGL-ImXufc4DTfR9fphTpFZ6IiP2Q0EYiYA_n3Q/edit?tab=t.0,docs
https://docs.google.com/document/d/1Uxo3PJCRjh_mgt93AIIlaPYLUq9nAzziPRwg29td0aw/edit?tab=t.0,docs
https://drive.google.com/drive/folders/12WdRl7kOSAb-ukZwgIyI2VikxMW2Srbz,drive
https://drive.google.com/drive/folders/1Z2wli_JAJMRkr_-0mER8JkmpUjNcHk6M,drive
https://drive.google.com/drive/folders/1bJFDGgxnR581tuaPEh4eSVd0FwbwqNu8,drive
https://drive.google.com/file/d/12zhi_VUOhXBpgFOsGLmj8UXoNPHhBDIZ/view?ts=69a86a64,drive
https://drive.google.com/file/d/161juydGVHoAEzP9rwZkm2VUyQOKQkAsj/view?ts=69a86856,drive
https://drive.google.com/file/d/1OHpVQNeqfqRX3_GPZQUxQvkGGDlPQcX-/view?ts=69a86868,drive
https://drive.google.com/file/d/1diJH3huzsnEegABJ4Cfkx7Z8RPXF-DV5/view?ts=69a86986,drive
https://www.canva.com/design/DAG9QY8VjXM/CJZQ5kCiwxuNUWTF-LkZXQ/edit,canva
https://www.canva.com/design/DAG9jzAOIxw/fC3VqyXM-wWps1rasWwsrA/edit,canva
https://www.canva.com/design/DAG_IOW6SIU/mukLzudAxqd1aUthsaGAgg/edit,canva
https://www.figma.com/design/jNmYR2vZlKmm2oX1r7xIhF/Wireframe?node-id=0-1&p=f,figma
https://www.figma.com/site/2niOGGjMOcm9cWaLK3wHd1/Main-Page?node-id=0-1&p=f,figma
https://www.figma.com/site/FdukEmN0E1kbsXkxf2U5aF/Subpage?node-id=0-1&p=f,figma
https://www.jeffreyburns.com/?,site/social
https://www.tiktok.com/@jeffrey.burns.dds?,site/social
